accelZ,Date
-0.14,23-08-2023 13:47:23.020
0.09,23-08-2023 13:47:23.136
0,23-08-2023 13:47:23.519
-0.1,23-08-2023 13:47:23.520
0.16,23-08-2023 13:47:23.614
-0.16,23-08-2023 13:47:23.806
-0.3,23-08-2023 13:47:23.991
-0.02,23-08-2023 13:47:24.164
0.13,23-08-2023 13:47:24.361
-0.21,23-08-2023 13:47:24.534
-0.02,23-08-2023 13:47:24.727
-0.03,23-08-2023 13:47:24.899
-0.17,23-08-2023 13:47:25.081
-0.34,23-08-2023 13:47:25.266
-0.08,23-08-2023 13:47:25.449
-0.08,23-08-2023 13:47:25.633
-0.25,23-08-2023 13:47:25.813
0.06,23-08-2023 13:47:25.996
0.09,23-08-2023 13:47:26.183
0.06,23-08-2023 13:47:26.368
-0.21,23-08-2023 13:47:26.548
-0.22,23-08-2023 13:47:26.739
-0.08,23-08-2023 13:47:27.001
-0.27,23-08-2023 13:47:27.102
-0.15,23-08-2023 13:47:27.279
0.05,23-08-2023 13:47:27.466
0.07,23-08-2023 13:47:27.759
0.01,23-08-2023 13:47:27.830
0.14,23-08-2023 13:47:28.011
-0.2,23-08-2023 13:47:28.193
-0.24,23-08-2023 13:47:28.393
-0.08,23-08-2023 13:47:28.567
-0.13,23-08-2023 13:47:28.751
-0.03,23-08-2023 13:47:28.929
0.04,23-08-2023 13:47:29.102
0.08,23-08-2023 13:47:29.298
-0.24,23-08-2023 13:47:29.488
-0.22,23-08-2023 13:47:29.666
0.11,23-08-2023 13:47:29.871
-0.17,23-08-2023 13:47:30.029
-0.09,23-08-2023 13:47:30.215
0.17,23-08-2023 13:47:30.476
-0.2,23-08-2023 13:47:30.583
-0.37,23-08-2023 13:47:30.768
0.03,23-08-2023 13:47:30.952
-0.19,23-08-2023 13:47:31.509
-0.44,23-08-2023 13:47:31.510
0.25,23-08-2023 13:47:31.576
0.09,23-08-2023 13:47:31.695
-0.23,23-08-2023 13:47:31.895
-0.17,23-08-2023 13:47:32.092
0.2,23-08-2023 13:47:32.867
-0.04,23-08-2023 13:47:32.868
-0.14,23-08-2023 13:47:32.868
-0.01,23-08-2023 13:47:32.868
-0.04,23-08-2023 13:47:32.955
-0.31,23-08-2023 13:47:33.158
-0.25,23-08-2023 13:47:33.319
0.03,23-08-2023 13:47:33.762
0.1,23-08-2023 13:47:33.763
-0.07,23-08-2023 13:47:33.903
-0.07,23-08-2023 13:47:34.072
0.06,23-08-2023 13:47:34.250
-0.02,23-08-2023 13:47:34.440
-0.08,23-08-2023 13:47:34.630
-0.25,23-08-2023 13:47:34.794
-0.15,23-08-2023 13:47:34.981
-0.11,23-08-2023 13:47:35.394
-0.21,23-08-2023 13:47:35.395
-0.19,23-08-2023 13:47:35.536
0.08,23-08-2023 13:47:35.714
0.05,23-08-2023 13:47:35.896
-0.2,23-08-2023 13:47:36.200
-0.03,23-08-2023 13:47:36.263
0.06,23-08-2023 13:47:36.434
-0.07,23-08-2023 13:47:36.631
0,23-08-2023 13:47:36.814
-0.03,23-08-2023 13:47:37.003
0.03,23-08-2023 13:47:37.201
0,23-08-2023 13:47:37.356
-0.02,23-08-2023 13:47:37.579
-0.26,23-08-2023 13:47:37.734
-0.05,23-08-2023 13:47:37.917
-0.06,23-08-2023 13:47:38.099
-0.06,23-08-2023 13:47:38.287
0.08,23-08-2023 13:47:38.482
0.02,23-08-2023 13:47:38.645
0.22,23-08-2023 13:47:39.182
-0.09,23-08-2023 13:47:39.183
-0.07,23-08-2023 13:47:39.211
-0.03,23-08-2023 13:47:39.387
-0.04,23-08-2023 13:47:39.566
0.21,23-08-2023 13:47:39.762
-0.3,23-08-2023 13:47:39.927
-0.22,23-08-2023 13:47:40.115
0.16,23-08-2023 13:47:40.301
0.16,23-08-2023 13:47:40.478
-0.1,23-08-2023 13:47:40.662
-0.07,23-08-2023 13:47:40.843
0.19,23-08-2023 13:47:41.127
-0.34,23-08-2023 13:47:41.210
-0.76,23-08-2023 13:47:41.402
-0.1,23-08-2023 13:47:41.574
0.19,23-08-2023 13:47:41.777
0.18,23-08-2023 13:47:41.947
-0.07,23-08-2023 13:47:42.133
-0.23,23-08-2023 13:47:42.315
0.11,23-08-2023 13:47:42.497
0.12,23-08-2023 13:47:42.673
-0.4,23-08-2023 13:47:42.875
-0.42,23-08-2023 13:47:43.056
0.22,23-08-2023 13:47:43.228
0.11,23-08-2023 13:47:43.413
-0.35,23-08-2023 13:47:43.600
0.09,23-08-2023 13:47:43.914
-0.02,23-08-2023 13:47:43.994
-0.44,23-08-2023 13:47:44.143
-0.85,23-08-2023 13:47:44.329
0.31,23-08-2023 13:47:44.511
0.29,23-08-2023 13:47:44.697
0,23-08-2023 13:47:44.889
-0.19,23-08-2023 13:47:45.066
-0.01,23-08-2023 13:47:45.244
-0.32,23-08-2023 13:47:45.430
-0.48,23-08-2023 13:47:45.614
-0.14,23-08-2023 13:47:45.796
0.15,23-08-2023 13:47:45.981
0.11,23-08-2023 13:47:46.157
-0.06,23-08-2023 13:47:46.353
-0.02,23-08-2023 13:47:47.274
0.01,23-08-2023 13:47:47.275
-0.42,23-08-2023 13:47:47.275
-0.18,23-08-2023 13:47:47.275
0.23,23-08-2023 13:47:47.275
0.03,23-08-2023 13:47:47.579
-0.29,23-08-2023 13:47:47.630
-0.09,23-08-2023 13:47:47.823
0.09,23-08-2023 13:47:48.003
-0.13,23-08-2023 13:47:48.172
-0.1,23-08-2023 13:47:48.359
0.09,23-08-2023 13:47:48.836
-0.09,23-08-2023 13:47:48.838
-0.24,23-08-2023 13:47:48.912
-0.21,23-08-2023 13:47:49.103
-0.24,23-08-2023 13:47:49.280
-0.09,23-08-2023 13:47:49.463
0.12,23-08-2023 13:47:49.644
0.05,23-08-2023 13:47:49.834
-0.17,23-08-2023 13:47:50.240
0.01,23-08-2023 13:47:51.599
-0.09,23-08-2023 13:47:51.600
-0.12,23-08-2023 13:47:51.600
-0.18,23-08-2023 13:47:51.600
-0.16,23-08-2023 13:47:51.601
-0.25,23-08-2023 13:47:51.602
-0.11,23-08-2023 13:47:52.080
-0.14,23-08-2023 13:47:52.080
-0.1,23-08-2023 13:47:52.080
-0.05,23-08-2023 13:47:52.080
-0.02,23-08-2023 13:47:52.081
-0.37,23-08-2023 13:47:52.398
-0.14,23-08-2023 13:47:53.935
0.33,23-08-2023 13:47:53.936
0.16,23-08-2023 13:47:53.936
-0.45,23-08-2023 13:47:53.936
-0.41,23-08-2023 13:47:53.936
-0.05,23-08-2023 13:47:53.937
-0.31,23-08-2023 13:47:53.937
-0.12,23-08-2023 13:47:53.937
0.21,23-08-2023 13:47:53.937
0.07,23-08-2023 13:47:54.056
-0.09,23-08-2023 13:47:54.239
-0.12,23-08-2023 13:47:54.427
-0.25,23-08-2023 13:47:54.597
-0.06,23-08-2023 13:47:54.805
-0.2,23-08-2023 13:47:55.155
-0.48,23-08-2023 13:47:55.156
0.02,23-08-2023 13:47:55.347
-0.14,23-08-2023 13:47:55.525
-0.01,23-08-2023 13:47:55.706
0.31,23-08-2023 13:47:55.891
0.02,23-08-2023 13:47:56.060
-0.06,23-08-2023 13:47:56.408
0.03,23-08-2023 13:47:56.441
-0.1,23-08-2023 13:47:56.616
-0.48,23-08-2023 13:47:56.798
-0.36,23-08-2023 13:47:56.995
0.19,23-08-2023 13:47:57.156
0.11,23-08-2023 13:47:57.347
-0.14,23-08-2023 13:47:57.534
-0.08,23-08-2023 13:47:57.817
0.21,23-08-2023 13:47:57.888
-0.36,23-08-2023 13:47:58.079
-0.32,23-08-2023 13:47:58.270
0,23-08-2023 13:47:58.450
-0.02,23-08-2023 13:47:58.628
-0.33,23-08-2023 13:47:58.835
-0.19,23-08-2023 13:47:59.375
-0.03,23-08-2023 13:47:59.376
-0.15,23-08-2023 13:47:59.406
-0.39,23-08-2023 13:47:59.763
0,23-08-2023 13:47:59.763
0.23,23-08-2023 13:48:00.073
-0.26,23-08-2023 13:48:00.247
-0.08,23-08-2023 13:48:01.388
-0.14,23-08-2023 13:48:01.389
-0.06,23-08-2023 13:48:01.389
-0.02,23-08-2023 13:48:01.394
-0.02,23-08-2023 13:48:01.394
-0.05,23-08-2023 13:48:01.471
0.13,23-08-2023 13:48:01.492
0,23-08-2023 13:48:01.593
-0.07,23-08-2023 13:48:01.949
-0.01,23-08-2023 13:48:02.001
-0.08,23-08-2023 13:48:02.428
-0.08,23-08-2023 13:48:02.431
-0.05,23-08-2023 13:48:02.506
-0.16,23-08-2023 13:48:02.663
-0.33,23-08-2023 13:48:02.860
-0.14,23-08-2023 13:48:03.031
0.03,23-08-2023 13:48:03.258
-0.2,23-08-2023 13:48:03.658
0.03,23-08-2023 13:48:03.659
0.11,23-08-2023 13:48:03.774
0.11,23-08-2023 13:48:04.273
-0.22,23-08-2023 13:48:04.274
-0.15,23-08-2023 13:48:04.305
-0.14,23-08-2023 13:48:04.575
-0.29,23-08-2023 13:48:04.751
-0.16,23-08-2023 13:48:05.097
-0.2,23-08-2023 13:48:05.260
0.08,23-08-2023 13:48:05.295
-0.08,23-08-2023 13:48:05.445
-0.08,23-08-2023 13:48:05.619
0.09,23-08-2023 13:48:05.780
0.05,23-08-2023 13:48:06.011
-0.14,23-08-2023 13:48:06.154
-0.34,23-08-2023 13:48:06.346
-0.14,23-08-2023 13:48:06.524
-0.11,23-08-2023 13:48:06.706
-0.28,23-08-2023 13:48:06.892
-0.16,23-08-2023 13:48:07.057
0.26,23-08-2023 13:48:07.261
0.31,23-08-2023 13:48:07.424
-0.22,23-08-2023 13:48:07.626
-0.3,23-08-2023 13:48:07.826
-0.09,23-08-2023 13:48:07.982
-0.08,23-08-2023 13:48:08.496
-0.28,23-08-2023 13:48:08.497
-0.22,23-08-2023 13:48:08.545
-0.08,23-08-2023 13:48:08.713
0.06,23-08-2023 13:48:08.909
-0.13,23-08-2023 13:48:09.094
-0.07,23-08-2023 13:48:09.393
0.07,23-08-2023 13:48:09.587
0,23-08-2023 13:48:09.727
-0.18,23-08-2023 13:48:09.819
-0.12,23-08-2023 13:48:10.001
-0.05,23-08-2023 13:48:10.186
-0.29,23-08-2023 13:48:10.375
-0.25,23-08-2023 13:48:10.550
-0.03,23-08-2023 13:48:10.727
0.04,23-08-2023 13:48:10.917
0.12,23-08-2023 13:48:11.098
0.15,23-08-2023 13:48:11.280
0.01,23-08-2023 13:48:11.459
-0.15,23-08-2023 13:48:11.655
-0.08,23-08-2023 13:48:12.158
-0.34,23-08-2023 13:48:12.158
0.21,23-08-2023 13:48:12.191
0.23,23-08-2023 13:48:12.383
-0.21,23-08-2023 13:48:12.556
-0.19,23-08-2023 13:48:12.748
0.01,23-08-2023 13:48:12.942
-0.28,23-08-2023 13:48:13.113
-0.01,23-08-2023 13:48:13.297
-0.14,23-08-2023 13:48:13.484
0.08,23-08-2023 13:48:14.003
0.01,23-08-2023 13:48:14.004
-0.35,23-08-2023 13:48:14.143
-0.31,23-08-2023 13:48:14.201
0.1,23-08-2023 13:48:14.393
0.13,23-08-2023 13:48:14.588
0.18,23-08-2023 13:48:15.067
0.11,23-08-2023 13:48:15.068
0.58,23-08-2023 13:48:15.122
-0.43,23-08-2023 13:48:15.314
-0.58,23-08-2023 13:48:15.952
0.11,23-08-2023 13:48:15.953
0.03,23-08-2023 13:48:15.954
-0.56,23-08-2023 13:48:16.049
-0.25,23-08-2023 13:48:16.251
0.38,23-08-2023 13:48:16.415
0.23,23-08-2023 13:48:16.596
-0.31,23-08-2023 13:48:16.767
-0.07,23-08-2023 13:48:16.961
0.17,23-08-2023 13:48:17.138
-0.11,23-08-2023 13:48:17.331
-0.51,23-08-2023 13:48:17.513
-0.19,23-08-2023 13:48:17.704
0.15,23-08-2023 13:48:18.716
-0.16,23-08-2023 13:48:18.718
-0.08,23-08-2023 13:48:18.718
0.02,23-08-2023 13:48:18.719
0.02,23-08-2023 13:48:18.719
0.1,23-08-2023 13:48:18.785
0.01,23-08-2023 13:48:18.985
-0.29,23-08-2023 13:48:19.176
-0.3,23-08-2023 13:48:19.348
0.27,23-08-2023 13:48:19.534
-0.13,23-08-2023 13:48:19.724
-0.61,23-08-2023 13:48:19.899
0.24,23-08-2023 13:48:20.093
-0.03,23-08-2023 13:48:20.282
-0.3,23-08-2023 13:48:20.449
-0.16,23-08-2023 13:48:20.630
0.16,23-08-2023 13:48:20.829
0.03,23-08-2023 13:48:20.996
-0.27,23-08-2023 13:48:21.181
-0.1,23-08-2023 13:48:21.477
0.14,23-08-2023 13:48:21.535
-0.33,23-08-2023 13:48:21.722
-0.25,23-08-2023 13:48:21.910
0.19,23-08-2023 13:48:22.087
0.08,23-08-2023 13:48:22.291
0.02,23-08-2023 13:48:22.469
-0.02,23-08-2023 13:48:22.647
0.15,23-08-2023 13:48:22.830
-0.04,23-08-2023 13:48:23.012
-0.73,23-08-2023 13:48:23.256
0.09,23-08-2023 13:48:23.391
0.08,23-08-2023 13:48:23.561
-0.16,23-08-2023 13:48:23.752
-0.09,23-08-2023 13:48:23.935
0.1,23-08-2023 13:48:24.112
-0.02,23-08-2023 13:48:24.453
0.05,23-08-2023 13:48:24.467
0,23-08-2023 13:48:24.754
-0.11,23-08-2023 13:48:24.872
-0.37,23-08-2023 13:48:25.028
-0.08,23-08-2023 13:48:25.368
0.14,23-08-2023 13:48:25.382
-0.2,23-08-2023 13:48:26.704
-0.25,23-08-2023 13:48:26.705
-0.09,23-08-2023 13:48:26.706
-0.03,23-08-2023 13:48:26.706
0.08,23-08-2023 13:48:26.706
-0.08,23-08-2023 13:48:26.706
-0.16,23-08-2023 13:48:26.741
-0.21,23-08-2023 13:48:26.914
-0.22,23-08-2023 13:48:27.050
-0.1,23-08-2023 13:48:27.441
-0.11,23-08-2023 13:48:27.441
-0.33,23-08-2023 13:48:27.588
0.25,23-08-2023 13:48:27.779
0.04,23-08-2023 13:48:27.968
-0.41,23-08-2023 13:48:28.159
0.01,23-08-2023 13:48:28.362
-0.1,23-08-2023 13:48:28.639
-0.05,23-08-2023 13:48:28.948
-0.32,23-08-2023 13:48:28.948
-0.52,23-08-2023 13:48:29.048
-0.24,23-08-2023 13:48:29.245
0.19,23-08-2023 13:48:29.429
0.09,23-08-2023 13:48:29.618
-0.14,23-08-2023 13:48:29.794
-0.14,23-08-2023 13:48:29.993
-0.08,23-08-2023 13:48:30.167
-0.16,23-08-2023 13:48:30.371
-0.23,23-08-2023 13:48:30.557
0.04,23-08-2023 13:48:31.103
0.01,23-08-2023 13:48:31.105
-0.24,23-08-2023 13:48:31.105
-0.21,23-08-2023 13:48:31.273
-0.03,23-08-2023 13:48:31.449
0.06,23-08-2023 13:48:31.919
-0.33,23-08-2023 13:48:31.920
0.34,23-08-2023 13:48:31.996
0.27,23-08-2023 13:48:32.185
-0.04,23-08-2023 13:48:32.370
-0.38,23-08-2023 13:48:32.943
-0.11,23-08-2023 13:48:32.945
-0.14,23-08-2023 13:48:32.945
-0.69,23-08-2023 13:48:33.099
-0.23,23-08-2023 13:48:33.275
-0.07,23-08-2023 13:48:33.459
0.03,23-08-2023 13:48:33.761
0.01,23-08-2023 13:48:33.834
-0.09,23-08-2023 13:48:34.014
-0.29,23-08-2023 13:48:34.203
-0.22,23-08-2023 13:48:34.382
0.05,23-08-2023 13:48:34.561
-0.28,23-08-2023 13:48:34.744
-0.31,23-08-2023 13:48:34.930
0.22,23-08-2023 13:48:35.115
0.18,23-08-2023 13:48:35.305
-0.08,23-08-2023 13:48:35.526
0.03,23-08-2023 13:48:35.672
0.1,23-08-2023 13:48:35.845
-0.08,23-08-2023 13:48:36.017
-0.11,23-08-2023 13:48:36.212
-0.28,23-08-2023 13:48:36.416
-0.29,23-08-2023 13:48:36.589
-0.05,23-08-2023 13:48:36.766
0.21,23-08-2023 13:48:36.937
-0.08,23-08-2023 13:48:37.116
0.05,23-08-2023 13:48:37.317
-0.07,23-08-2023 13:48:37.496
-0.2,23-08-2023 13:48:37.674
-0.18,23-08-2023 13:48:37.869
-0.07,23-08-2023 13:48:38.047
0.02,23-08-2023 13:48:38.231
-0.14,23-08-2023 13:48:38.413
-0.34,23-08-2023 13:48:38.597
-0.01,23-08-2023 13:48:38.767
0.17,23-08-2023 13:48:38.956
-0.09,23-08-2023 13:48:39.150
-0.37,23-08-2023 13:48:39.331
-0.24,23-08-2023 13:48:39.513
-0.09,23-08-2023 13:48:39.699
-0.35,23-08-2023 13:48:39.870
-0.01,23-08-2023 13:48:40.066
0.12,23-08-2023 13:48:40.242
-0.23,23-08-2023 13:48:40.431
-0.12,23-08-2023 13:48:40.631
0.28,23-08-2023 13:48:40.793
0.06,23-08-2023 13:48:40.980
-0.3,23-08-2023 13:48:41.177
-0.17,23-08-2023 13:48:41.562
-0.02,23-08-2023 13:48:41.602
-0.15,23-08-2023 13:48:41.749
-0.55,23-08-2023 13:48:41.889
-0.09,23-08-2023 13:48:42.076
0.45,23-08-2023 13:48:42.266
0.02,23-08-2023 13:48:42.465
-0.54,23-08-2023 13:48:42.640
-0.02,23-08-2023 13:48:42.833
0.02,23-08-2023 13:48:42.999
-0.2,23-08-2023 13:48:43.189
0.02,23-08-2023 13:48:43.361
-0.12,23-08-2023 13:48:43.557
-0.26,23-08-2023 13:48:43.795
-0.27,23-08-2023 13:48:43.912
0.02,23-08-2023 13:48:44.098
0.25,23-08-2023 13:48:44.271
0.05,23-08-2023 13:48:44.476
-0.18,23-08-2023 13:48:44.652
-0.05,23-08-2023 13:48:44.834
-0.24,23-08-2023 13:48:45.010
-0.23,23-08-2023 13:48:45.202
-0.03,23-08-2023 13:48:45.380
-0.68,23-08-2023 13:48:45.565
0.17,23-08-2023 13:48:45.746
0.53,23-08-2023 13:48:45.924
0.16,23-08-2023 13:48:46.339
-0.45,23-08-2023 13:48:46.340
-0.4,23-08-2023 13:48:46.483
-0.11,23-08-2023 13:48:46.677
-0.5,23-08-2023 13:48:46.870
0.16,23-08-2023 13:48:47.035
0.06,23-08-2023 13:48:47.285
-0.38,23-08-2023 13:48:47.392
-0.15,23-08-2023 13:48:47.572
0.19,23-08-2023 13:48:47.783
0.13,23-08-2023 13:48:47.965
-0.37,23-08-2023 13:48:48.155
-0.24,23-08-2023 13:48:48.315
0.13,23-08-2023 13:48:48.712
-0.31,23-08-2023 13:48:48.712
-0.14,23-08-2023 13:48:48.872
0.17,23-08-2023 13:48:49.223
-0.05,23-08-2023 13:48:49.229
-0.09,23-08-2023 13:48:49.531
0.02,23-08-2023 13:48:49.662
-0.06,23-08-2023 13:48:49.797
-0.19,23-08-2023 13:48:49.967
-0.03,23-08-2023 13:48:50.145
-0.06,23-08-2023 13:48:50.339
-0.3,23-08-2023 13:48:50.519
-0.08,23-08-2023 13:48:50.705
0.01,23-08-2023 13:48:50.891
-0.17,23-08-2023 13:48:51.064
0.01,23-08-2023 13:48:51.255
0.08,23-08-2023 13:48:51.789
-0.34,23-08-2023 13:48:51.803
-0.56,23-08-2023 13:48:51.804
0.37,23-08-2023 13:48:51.993
-0.19,23-08-2023 13:48:52.174
-0.43,23-08-2023 13:48:52.383
0.35,23-08-2023 13:48:52.534
0,23-08-2023 13:48:52.713
-0.18,23-08-2023 13:48:52.898
0.13,23-08-2023 13:48:53.078
0.14,23-08-2023 13:48:53.271
-0.06,23-08-2023 13:48:53.446
-0.48,23-08-2023 13:48:53.633
-0.28,23-08-2023 13:48:53.811
-0.05,23-08-2023 13:48:53.993
-0.01,23-08-2023 13:48:54.179
0.06,23-08-2023 13:48:54.375
0,23-08-2023 13:48:54.546
0.17,23-08-2023 13:48:54.736
0.15,23-08-2023 13:48:54.916
-0.15,23-08-2023 13:48:55.100
-0.05,23-08-2023 13:48:55.268
-0.23,23-08-2023 13:48:55.462
-0.39,23-08-2023 13:48:55.659
-0.2,23-08-2023 13:48:55.830
0.07,23-08-2023 13:48:56.002
0.14,23-08-2023 13:48:56.209
-0.46,23-08-2023 13:48:56.380
-0.12,23-08-2023 13:48:56.552
0.1,23-08-2023 13:48:56.739
0.25,23-08-2023 13:48:56.933
-0.35,23-08-2023 13:48:57.115
-0.32,23-08-2023 13:48:57.300
-0.03,23-08-2023 13:48:57.488
-0.26,23-08-2023 13:48:57.662
-0.32,23-08-2023 13:48:57.853
0.18,23-08-2023 13:48:58.052
-0.03,23-08-2023 13:48:58.216
-0.07,23-08-2023 13:48:58.674
-0.05,23-08-2023 13:48:58.675
-0.03,23-08-2023 13:48:58.792
-0.17,23-08-2023 13:48:58.948
-0.08,23-08-2023 13:48:59.262
-0.17,23-08-2023 13:48:59.302
0.12,23-08-2023 13:48:59.506
0.01,23-08-2023 13:48:59.690
0.1,23-08-2023 13:48:59.864
-0.18,23-08-2023 13:49:00.065
-0.24,23-08-2023 13:49:00.236
0.2,23-08-2023 13:49:00.422
-0.03,23-08-2023 13:49:01.014
-0.42,23-08-2023 13:49:01.016
0.04,23-08-2023 13:49:01.083
0.2,23-08-2023 13:49:01.160
-0.12,23-08-2023 13:49:01.332
-0.24,23-08-2023 13:49:01.516
0.15,23-08-2023 13:49:01.718
0.13,23-08-2023 13:49:01.892
-0.13,23-08-2023 13:49:02.073
-0.46,23-08-2023 13:49:02.264
0.04,23-08-2023 13:49:02.439
0.23,23-08-2023 13:49:02.614
-0.56,23-08-2023 13:49:02.809
-0.24,23-08-2023 13:49:02.981
0.26,23-08-2023 13:49:03.166
0.15,23-08-2023 13:49:03.469
-0.27,23-08-2023 13:49:03.526
-0.15,23-08-2023 13:49:04.337
-0.16,23-08-2023 13:49:04.339
-0.35,23-08-2023 13:49:04.343
0.02,23-08-2023 13:49:04.343
0.17,23-08-2023 13:49:04.788
-0.31,23-08-2023 13:49:04.789
-0.24,23-08-2023 13:49:04.806
0.22,23-08-2023 13:49:05.093
-0.04,23-08-2023 13:49:05.172
-0.3,23-08-2023 13:49:05.606
-0.24,23-08-2023 13:49:05.607
-0.02,23-08-2023 13:49:05.718
0.08,23-08-2023 13:49:06.740
-0.1,23-08-2023 13:49:06.741
-0.24,23-08-2023 13:49:06.742
-0.02,23-08-2023 13:49:06.742
0.1,23-08-2023 13:49:06.742
0.03,23-08-2023 13:49:06.829
-0.13,23-08-2023 13:49:07.031
-0.21,23-08-2023 13:49:08.062
0.09,23-08-2023 13:49:08.071
-0.07,23-08-2023 13:49:08.071
-1.2,23-08-2023 13:49:08.072
0.63,23-08-2023 13:49:08.079
0.21,23-08-2023 13:49:08.142
-1.29,23-08-2023 13:49:08.369
0.22,23-08-2023 13:49:08.509
0.15,23-08-2023 13:49:08.669
-0.04,23-08-2023 13:49:08.848
-0.34,23-08-2023 13:49:09.034
-0.18,23-08-2023 13:49:09.211
-0.26,23-08-2023 13:49:09.386
-0.06,23-08-2023 13:49:09.585
0.2,23-08-2023 13:49:09.766
0.1,23-08-2023 13:49:10.513
-0.13,23-08-2023 13:49:10.513
-0.2,23-08-2023 13:49:10.513
-0.26,23-08-2023 13:49:10.541
-0.22,23-08-2023 13:49:10.691
-0.25,23-08-2023 13:49:10.869
-0.19,23-08-2023 13:49:11.376
-0.21,23-08-2023 13:49:11.377
-0.15,23-08-2023 13:49:11.529
0,23-08-2023 13:49:11.691
0.16,23-08-2023 13:49:11.810
-0.13,23-08-2023 13:49:12.059
-0.23,23-08-2023 13:49:12.135
-0.05,23-08-2023 13:49:12.338
-0.16,23-08-2023 13:49:12.516
-0.07,23-08-2023 13:49:12.711
0.13,23-08-2023 13:49:12.876
-0.09,23-08-2023 13:49:13.055
-0.41,23-08-2023 13:49:13.519
-0.35,23-08-2023 13:49:13.519
0.14,23-08-2023 13:49:13.626
0.05,23-08-2023 13:49:13.793
-0.38,23-08-2023 13:49:13.993
-0.25,23-08-2023 13:49:14.272
-0.02,23-08-2023 13:49:14.337
0.22,23-08-2023 13:49:14.696
0.1,23-08-2023 13:49:15.281
-0.03,23-08-2023 13:49:15.282
-0.14,23-08-2023 13:49:15.282
-0.27,23-08-2023 13:49:16.257
-0.25,23-08-2023 13:49:16.257
-0.08,23-08-2023 13:49:16.258
-0.12,23-08-2023 13:49:16.258
-0.2,23-08-2023 13:49:16.258
-0.04,23-08-2023 13:49:16.428
0.09,23-08-2023 13:49:16.437
-0.04,23-08-2023 13:49:16.972
0.38,23-08-2023 13:49:16.974
0.07,23-08-2023 13:49:16.974
-0.32,23-08-2023 13:49:17.108
0.07,23-08-2023 13:49:17.281
-0.1,23-08-2023 13:49:17.602
-0.22,23-08-2023 13:49:17.998
-0.17,23-08-2023 13:49:17.998
-0.12,23-08-2023 13:49:18.181
-0.3,23-08-2023 13:49:18.210
-0.15,23-08-2023 13:49:18.512
0.27,23-08-2023 13:49:18.562
0.31,23-08-2023 13:49:18.749
-0.15,23-08-2023 13:49:18.930
-0.11,23-08-2023 13:49:19.106
-0.11,23-08-2023 13:49:19.296
-0.19,23-08-2023 13:49:19.476
-0.09,23-08-2023 13:49:19.676
0.3,23-08-2023 13:49:19.837
0.03,23-08-2023 13:49:20.045
-0.33,23-08-2023 13:49:20.215
-0.39,23-08-2023 13:49:20.556
-0.22,23-08-2023 13:49:20.707
0.13,23-08-2023 13:49:20.873
-0.06,23-08-2023 13:49:21.075
-0.2,23-08-2023 13:49:21.246
0.36,23-08-2023 13:49:21.420
0.49,23-08-2023 13:49:21.509
0.36,23-08-2023 13:49:21.702
-0.18,23-08-2023 13:49:21.875
0.06,23-08-2023 13:49:22.045
0.09,23-08-2023 13:49:22.237
-0.12,23-08-2023 13:49:22.432
-0.15,23-08-2023 13:49:22.823
-0.02,23-08-2023 13:49:22.824
-0.04,23-08-2023 13:49:22.971
-0.15,23-08-2023 13:49:23.201
-0.15,23-08-2023 13:49:23.337
0.07,23-08-2023 13:49:23.524
0.35,23-08-2023 13:49:23.701
-0.15,23-08-2023 13:49:23.871
-0.35,23-08-2023 13:49:24.067
0.05,23-08-2023 13:49:24.246
-0.06,23-08-2023 13:49:24.421
-0.33,23-08-2023 13:49:24.612
-0.05,23-08-2023 13:49:24.800
-0.08,23-08-2023 13:49:24.975
-0.23,23-08-2023 13:49:25.166
-0.14,23-08-2023 13:49:25.357
-0.07,23-08-2023 13:49:25.532
-0.31,23-08-2023 13:49:25.727
-0.02,23-08-2023 13:49:25.903
0.23,23-08-2023 13:49:26.083
0.02,23-08-2023 13:49:26.270
-0.05,23-08-2023 13:49:26.462
-0.31,23-08-2023 13:49:26.630
-0.22,23-08-2023 13:49:26.817
-0.12,23-08-2023 13:49:27.001
-0.57,23-08-2023 13:49:27.179
-0.1,23-08-2023 13:49:27.351
0.03,23-08-2023 13:49:27.553
0.16,23-08-2023 13:49:27.735
0.16,23-08-2023 13:49:27.901
-0.06,23-08-2023 13:49:28.094
-0.16,23-08-2023 13:49:28.286
0.03,23-08-2023 13:49:28.465
-0.01,23-08-2023 13:49:28.644
-0.18,23-08-2023 13:49:28.832
-0.37,23-08-2023 13:49:29.261
0.08,23-08-2023 13:49:29.263
0.19,23-08-2023 13:49:29.384
0.05,23-08-2023 13:49:30.087
-0.08,23-08-2023 13:49:30.088
-0.11,23-08-2023 13:49:30.088
-0.19,23-08-2023 13:49:30.113
-0.19,23-08-2023 13:49:30.510
-0.21,23-08-2023 13:49:30.515
0.05,23-08-2023 13:49:30.666
0.11,23-08-2023 13:49:30.865
0.04,23-08-2023 13:49:31.043
-0.11,23-08-2023 13:49:31.224
0.01,23-08-2023 13:49:31.401
-0.08,23-08-2023 13:49:31.590
-0.51,23-08-2023 13:49:31.766
-0.04,23-08-2023 13:49:31.959
-0.13,23-08-2023 13:49:32.126
-0.19,23-08-2023 13:49:32.330
-0.12,23-08-2023 13:49:32.625
-0.18,23-08-2023 13:49:32.716
0.17,23-08-2023 13:49:32.872
0.16,23-08-2023 13:49:33.048
-0.2,23-08-2023 13:49:33.241
-0.1,23-08-2023 13:49:33.429
-0.18,23-08-2023 13:49:33.609
-0.22,23-08-2023 13:49:33.794
-0.1,23-08-2023 13:49:33.995
-0.17,23-08-2023 13:49:34.299
0.23,23-08-2023 13:49:34.331
0.34,23-08-2023 13:49:34.597
-0.18,23-08-2023 13:49:34.727
-0.15,23-08-2023 13:49:34.890
0.01,23-08-2023 13:49:35.067
-0.29,23-08-2023 13:49:35.277
-0.43,23-08-2023 13:49:35.443
0.06,23-08-2023 13:49:35.617
0.25,23-08-2023 13:49:35.917
-0.3,23-08-2023 13:49:35.972
-0.04,23-08-2023 13:49:36.161
0.22,23-08-2023 13:49:36.349
-0.19,23-08-2023 13:49:36.556
-0.21,23-08-2023 13:49:36.714
-0.28,23-08-2023 13:49:36.897
-0.42,23-08-2023 13:49:37.079
-0.06,23-08-2023 13:49:37.263
-0.22,23-08-2023 13:49:37.443
0.09,23-08-2023 13:49:37.629
-0.04,23-08-2023 13:49:37.833
-0.03,23-08-2023 13:49:37.995
-0.15,23-08-2023 13:49:38.189
-0.51,23-08-2023 13:49:38.372
-0.41,23-08-2023 13:49:38.559
-0.05,23-08-2023 13:49:38.753
0.06,23-08-2023 13:49:38.915
-0.13,23-08-2023 13:49:39.114
-0.08,23-08-2023 13:49:39.275
-0.04,23-08-2023 13:49:39.484
-0.04,23-08-2023 13:49:39.648
-0.13,23-08-2023 13:49:39.837
-0.39,23-08-2023 13:49:40.115
0.12,23-08-2023 13:49:40.217
0.12,23-08-2023 13:49:40.393
0.14,23-08-2023 13:49:40.566
0.06,23-08-2023 13:49:40.831
0.01,23-08-2023 13:49:40.945
-0.02,23-08-2023 13:49:41.149
-0.36,23-08-2023 13:49:41.312
-0.21,23-08-2023 13:49:41.480
0.11,23-08-2023 13:49:41.673
-0.27,23-08-2023 13:49:41.851
-0.38,23-08-2023 13:49:42.031
0.05,23-08-2023 13:49:42.232
0.24,23-08-2023 13:49:42.397
0.32,23-08-2023 13:49:42.692
-0.18,23-08-2023 13:49:42.770
-0.31,23-08-2023 13:49:42.958
-0.12,23-08-2023 13:49:43.129
-0.18,23-08-2023 13:49:43.316
-0.38,23-08-2023 13:49:43.508
-0.26,23-08-2023 13:49:43.686
0.28,23-08-2023 13:49:43.864
0.24,23-08-2023 13:49:44.039
-0.38,23-08-2023 13:49:44.236
-0.04,23-08-2023 13:49:44.621
0.11,23-08-2023 13:49:44.621
-0.24,23-08-2023 13:49:44.784
-0.22,23-08-2023 13:49:44.971
0,23-08-2023 13:49:45.146
0.02,23-08-2023 13:49:45.346
-0.05,23-08-2023 13:49:45.522
-0.16,23-08-2023 13:49:45.726
-0.17,23-08-2023 13:49:46.056
-0.05,23-08-2023 13:49:46.143
-0.01,23-08-2023 13:49:46.265
-0.21,23-08-2023 13:49:46.668
-0.27,23-08-2023 13:49:46.669
-0.2,23-08-2023 13:49:46.818
0.06,23-08-2023 13:49:46.985
0.12,23-08-2023 13:49:47.166
0.04,23-08-2023 13:49:47.460
0.03,23-08-2023 13:49:47.554
-0.2,23-08-2023 13:49:47.794
-0.11,23-08-2023 13:49:47.898
-0.07,23-08-2023 13:49:48.092
-0.33,23-08-2023 13:49:48.277
-0.29,23-08-2023 13:49:48.460
-0.05,23-08-2023 13:49:48.649
0.01,23-08-2023 13:49:48.812
0.15,23-08-2023 13:49:49.126
0.25,23-08-2023 13:49:49.170
-0.01,23-08-2023 13:49:49.370
-0.18,23-08-2023 13:49:49.558
0.03,23-08-2023 13:49:49.739
-0.16,23-08-2023 13:49:50.030
-0.24,23-08-2023 13:49:50.091
0.03,23-08-2023 13:49:50.321
-0.01,23-08-2023 13:49:50.462
-0.3,23-08-2023 13:49:50.667
0.04,23-08-2023 13:49:50.853
0.58,23-08-2023 13:49:51.010
-0.17,23-08-2023 13:49:51.189
-0.8,23-08-2023 13:49:51.388
-0.01,23-08-2023 13:49:51.561
0.23,23-08-2023 13:49:51.734
-0.13,23-08-2023 13:49:51.928
-0.17,23-08-2023 13:49:52.103
0.07,23-08-2023 13:49:52.282
-0.05,23-08-2023 13:49:52.473
-0.14,23-08-2023 13:49:52.668
0.23,23-08-2023 13:49:52.866
-0.29,23-08-2023 13:49:53.033
-0.19,23-08-2023 13:49:53.224
-0.08,23-08-2023 13:49:53.395
0.03,23-08-2023 13:49:53.580
0.17,23-08-2023 13:49:53.756
-0.07,23-08-2023 13:49:53.948
-0.27,23-08-2023 13:49:54.143
-0.13,23-08-2023 13:49:54.318
0.1,23-08-2023 13:49:54.526
-0.13,23-08-2023 13:49:54.709
-0.28,23-08-2023 13:49:54.861
-0.05,23-08-2023 13:49:55.175
0.01,23-08-2023 13:49:55.692
-0.12,23-08-2023 13:49:55.694
0.08,23-08-2023 13:49:55.694
0.06,23-08-2023 13:49:55.794
-0.25,23-08-2023 13:49:55.967
-0.24,23-08-2023 13:49:56.154
-0.01,23-08-2023 13:49:56.343
-0.25,23-08-2023 13:49:56.522
-0.18,23-08-2023 13:49:56.703
0.34,23-08-2023 13:49:57.083
-0.13,23-08-2023 13:49:57.084
-0.4,23-08-2023 13:49:57.242
0.16,23-08-2023 13:49:57.737
0.07,23-08-2023 13:49:57.738
-0.5,23-08-2023 13:49:57.799
-0.06,23-08-2023 13:49:57.982
0.18,23-08-2023 13:49:58.168
-0.11,23-08-2023 13:49:58.364
-0.02,23-08-2023 13:49:58.522
0,23-08-2023 13:49:58.717
-0.14,23-08-2023 13:49:58.896
-0.33,23-08-2023 13:49:59.073
-0.15,23-08-2023 13:49:59.267
-0.11,23-08-2023 13:49:59.466
-0.2,23-08-2023 13:49:59.724
0.08,23-08-2023 13:49:59.911
0.16,23-08-2023 13:49:59.996
-0.15,23-08-2023 13:50:00.174
0.08,23-08-2023 13:50:00.355
0.09,23-08-2023 13:50:00.558
-0.27,23-08-2023 13:50:00.737
-0.41,23-08-2023 13:50:00.918
-0.08,23-08-2023 13:50:01.097
-0.11,23-08-2023 13:50:01.291
-0.24,23-08-2023 13:50:01.477
-0.07,23-08-2023 13:50:01.659
0.35,23-08-2023 13:50:01.821
0.05,23-08-2023 13:50:02.026
-0.2,23-08-2023 13:50:02.201
-0.23,23-08-2023 13:50:02.383
0.04,23-08-2023 13:50:02.578
-0.04,23-08-2023 13:50:02.739
-0.39,23-08-2023 13:50:02.942
-0.41,23-08-2023 13:50:03.128
0.2,23-08-2023 13:50:03.305
0.29,23-08-2023 13:50:03.487
-0.23,23-08-2023 13:50:03.670
-0.32,23-08-2023 13:50:03.839
0.04,23-08-2023 13:50:04.043
0.28,23-08-2023 13:50:04.216
-0.35,23-08-2023 13:50:04.486
-0.24,23-08-2023 13:50:04.588
0.03,23-08-2023 13:50:04.765
0,23-08-2023 13:50:04.956
-0.29,23-08-2023 13:50:05.137
-0.25,23-08-2023 13:50:05.329
-0.16,23-08-2023 13:50:05.496
-0.25,23-08-2023 13:50:05.683
-0.17,23-08-2023 13:50:05.869
0.19,23-08-2023 13:50:06.058
0.21,23-08-2023 13:50:06.233
-0.16,23-08-2023 13:50:06.421
-0.17,23-08-2023 13:50:06.602
0.01,23-08-2023 13:50:06.790
-0.07,23-08-2023 13:50:06.975
-0.48,23-08-2023 13:50:07.138
-0.29,23-08-2023 13:50:07.340
0.16,23-08-2023 13:50:07.523
0.05,23-08-2023 13:50:07.722
-0.37,23-08-2023 13:50:07.894
0.27,23-08-2023 13:50:08.068
0.18,23-08-2023 13:50:08.244
-0.25,23-08-2023 13:50:08.438
-0.25,23-08-2023 13:50:08.632
-0.24,23-08-2023 13:50:08.806
-0.32,23-08-2023 13:50:08.982
-0.28,23-08-2023 13:50:09.177
-0.13,23-08-2023 13:50:09.352
0.23,23-08-2023 13:50:09.525
0.17,23-08-2023 13:50:09.751
-0.14,23-08-2023 13:50:09.896
-0.28,23-08-2023 13:50:10.101
0.05,23-08-2023 13:50:10.278
0.04,23-08-2023 13:50:10.439
-0.09,23-08-2023 13:50:10.624
-0.22,23-08-2023 13:50:10.817
-0.25,23-08-2023 13:50:10.997
-0.07,23-08-2023 13:50:11.187
-0.11,23-08-2023 13:50:11.364
-0.17,23-08-2023 13:50:11.541
-0.06,23-08-2023 13:50:11.729
0.1,23-08-2023 13:50:11.918
0.01,23-08-2023 13:50:12.091
-0.12,23-08-2023 13:50:12.292
0.17,23-08-2023 13:50:12.476
0.03,23-08-2023 13:50:12.657
-0.5,23-08-2023 13:50:12.840
-0.37,23-08-2023 13:50:13.029
0.12,23-08-2023 13:50:13.202
-0.2,23-08-2023 13:50:13.409
-0.59,23-08-2023 13:50:13.572
0.08,23-08-2023 13:50:13.751
0.5,23-08-2023 13:50:13.935
0.23,23-08-2023 13:50:14.126
0.08,23-08-2023 13:50:14.300
-0.13,23-08-2023 13:50:14.489
-0.16,23-08-2023 13:50:14.669
-0.44,23-08-2023 13:50:14.853
-0.3,23-08-2023 13:50:15.044
-0.22,23-08-2023 13:50:15.235
-0.94,23-08-2023 13:50:15.409
-0.09,23-08-2023 13:50:15.588
0.64,23-08-2023 13:50:15.853
0.66,23-08-2023 13:50:15.988
0.12,23-08-2023 13:50:16.143
-0.44,23-08-2023 13:50:16.336
-0.33,23-08-2023 13:50:16.581
-0.21,23-08-2023 13:50:16.730
-0.05,23-08-2023 13:50:16.902
-0.1,23-08-2023 13:50:17.084
-1,23-08-2023 13:50:17.257
-0.28,23-08-2023 13:50:17.761
0.34,23-08-2023 13:50:17.761
-0.17,23-08-2023 13:50:18.216
-0.22,23-08-2023 13:50:18.217
-0.27,23-08-2023 13:50:18.384
0.08,23-08-2023 13:50:18.385
-0.01,23-08-2023 13:50:18.508
-0.45,23-08-2023 13:50:18.703
-0.37,23-08-2023 13:50:18.892
0,23-08-2023 13:50:19.069
-0.03,23-08-2023 13:50:19.264
-0.32,23-08-2023 13:50:19.435
0.05,23-08-2023 13:50:19.643
0.41,23-08-2023 13:50:20.155
0.01,23-08-2023 13:50:20.156
-0.15,23-08-2023 13:50:20.171
-0.28,23-08-2023 13:50:20.369
-0.34,23-08-2023 13:50:20.535
-0.31,23-08-2023 13:50:20.870
-0.28,23-08-2023 13:50:20.895
-0.14,23-08-2023 13:50:21.096
0.06,23-08-2023 13:50:21.704
0.15,23-08-2023 13:50:21.705
0.18,23-08-2023 13:50:21.705
0.04,23-08-2023 13:50:21.809
0.06,23-08-2023 13:50:21.987
-0.33,23-08-2023 13:50:22.193
-0.58,23-08-2023 13:50:22.508
-0.91,23-08-2023 13:50:22.582
-0.25,23-08-2023 13:50:22.917
0.02,23-08-2023 13:50:23.046
-0.23,23-08-2023 13:50:23.105
-0.11,23-08-2023 13:50:23.293
0.49,23-08-2023 13:50:23.470
0.4,23-08-2023 13:50:23.648
-0.21,23-08-2023 13:50:23.823
-0.29,23-08-2023 13:50:24.000
0.02,23-08-2023 13:50:24.198
-0.41,23-08-2023 13:50:24.390
-0.15,23-08-2023 13:50:24.559
0.02,23-08-2023 13:50:24.752
-0.19,23-08-2023 13:50:25.412
-0.32,23-08-2023 13:50:25.412
-0.03,23-08-2023 13:50:25.413
0.32,23-08-2023 13:50:25.493
-0.05,23-08-2023 13:50:25.665
-0.13,23-08-2023 13:50:25.850
0.11,23-08-2023 13:50:26.027
-0.19,23-08-2023 13:50:26.206
-0.33,23-08-2023 13:50:26.393
0.04,23-08-2023 13:50:26.575
-0.25,23-08-2023 13:50:26.757
-0.05,23-08-2023 13:50:26.954
0.04,23-08-2023 13:50:27.130
-0.01,23-08-2023 13:50:27.326
0.12,23-08-2023 13:50:27.496
0.2,23-08-2023 13:50:27.675
-0.18,23-08-2023 13:50:27.871
-0.1,23-08-2023 13:50:28.054
-0.15,23-08-2023 13:50:28.217
-0.14,23-08-2023 13:50:28.426
-0.77,23-08-2023 13:50:28.597
-0.15,23-08-2023 13:50:28.783
-0.02,23-08-2023 13:50:28.964
-0.06,23-08-2023 13:50:29.148
0,23-08-2023 13:50:29.338
0.18,23-08-2023 13:50:29.533
-0.03,23-08-2023 13:50:29.718
-0.24,23-08-2023 13:50:29.888
0.01,23-08-2023 13:50:30.065
-0.19,23-08-2023 13:50:30.282
-0.35,23-08-2023 13:50:30.701
-0.3,23-08-2023 13:50:30.702
